종목코드,평가금액,종목명
95570,310250,AJ네트웍스
282330,381300,BGF리테일
1040,649000,CJ
7700,267000,F&F홀딩스
36640,100200,HRS
2460,341930,HS화성
93050,118500,LF
32640,101920,LG유플러스
54050,184860,NH농우바이오
33530,368820,SJG세종
123700,407960,SJM
34730,586000,SK
210980,55420,SK디앤디
13700,99775,까뮤이앤씨
2350,432000,넥센타이어
3090,168740,대웅
5710,92880,대원산업
131220,168750,대한과학
23910,209200,대한약품
16090,345450,대현
86450,394200,동국제약
102260,481000,동성케미컬
88130,109630,동아엘텍
77960,171300,동양이엔피
88910,1969,동우팜투테이블
32960,26900,동일기연
263690,638370,디알젬
263020,348150,디케이앤디
5990,20980,매일홀딩스
67280,209600,멀티캠퍼스
101330,132160,모베이스
35150,42160,백산
3850,432500,보령
5930,6267500,삼성전자
70,114600,삼양홀딩스
65710,129450,서호전기
171090,305200,선익시스템
136490,121080,선진
37350,119560,성도이엔지
15750,283880,성우하이텍
80470,71240,성창오토텍
1430,47350,세아베스틸지주
24830,8190,세원물산
415380,72760,스튜디오삼익
83930,242060,아바코
143160,480600,아이디스
339950,7155,아이비김영
262840,358360,아이퀘스트
52460,250000,아이크래프트
13310,91650,아진산업
69510,503880,에스텍
3800,128400,에이스침대
58630,187765,엠게임
97520,721130,엠씨넥스
259630,96120,엠플러스
9970,1136800,영원무역홀딩스
12280,88320,영화금속
1800,682500,오리온홀딩스
72470,81725,우리산업홀딩스
73560,197548,우리손에프앤지
104830,83900,원익머트리얼즈
192390,52472,윈하이텍
77500,10150,유니퀘스트
214320,324720,이노션
54210,87000,이랜텍
139480,214800,이마트
80010,363090,이상네트웍스
63760,280150,이엘피
41830,157200,인바디
37330,1450,인지디스플레
19540,5180,일지테크
54950,219150,제이브이엠
94970,834850,제이엠티
1560,9130,제일연마
13870,110070,지엠비코리아
88790,112560,진도
7370,75810,진양제약
66360,1488,체리부로
123410,682110,코리아에프티
222040,107270,코스맥스엔비티
14580,206700,태경비케이
15890,411400,태경산업
417790,104550,트루엔
340570,57400,티앤엘
36580,202935,팜스코
445180,131170,퓨릿
293480,237160,하나제약
3380,255640,하림지주
25540,56000,한국단자
54040,920400,한국컴퓨터
9180,211125,한솔로지스틱스
214180,348240,헥토이노베이션
92300,213180,현우산업
378850,105450,화승알앤에이
6060,277760,화승인더
298020,874500,효성티앤씨
243070,447810,휴온스
